,Perfil Pymetrics,Altamente Recomendado,Operaciones-Calidad,MTTO-DIMA,Comercial-Planeamiento,DIGI-SC,Resto-Soft,Actividad Grupal.1,Apto AG,Ingles,Apto,Destacado,Destacado Pym,Ingresados Si/No
0,4,1,2,1,2,0,0,5,0,4.0,1,1,1,1
1,4,1,2,0,0,0,0,5,0,4.0,1,1,1,0
3,1,1,2,2,0,1,2,5,0,4.0,1,1,1,1
4,4,0,0,0,0,0,0,0,0,0.0,0,0,0,0
5,1,0,0,0,0,0,0,0,0,0.0,0,0,0,0
6,10,1,2,0,1,2,1,0,0,0.0,0,0,0,0
7,10,0,0,0,0,0,0,0,0,0.0,0,0,0,0
8,4,0,0,1,0,0,0,4,0,4.0,1,0,0,1
9,1,0,0,0,0,0,0,0,0,0.0,0,0,0,0
11,4,0,0,0,0,0,0,0,0,0.0,0,0,0,0
15,1,1,1,1,0,2,0,2,0,4.0,0,0,0,1
16,10,0,0,0,0,0,0,0,0,0.0,0,0,0,0
18,4,1,2,2,0,0,0,0,0,0.0,0,0,0,0
23,4,1,2,0,2,2,2,3,0,3.0,1,0,0,0
24,4,1,1,2,0,1,2,4,0,3.0,1,1,1,1
39,10,0,0,1,0,0,2,0,0,0.0,0,0,0,0
51,1,1,2,1,1,0,0,0,0,0.0,0,0,0,0
56,4,0,1,0,0,0,0,0,0,0.0,0,0,0,0
67,10,0,1,1,0,0,2,0,0,0.0,0,0,0,0
69,10,1,0,1,2,1,1,0,0,0.0,0,0,0,0
82,4,0,0,0,0,0,0,0,0,0.0,0,0,0,0
85,4,0,1,1,0,0,0,0,0,0.0,0,0,0,0
89,4,0,0,0,0,0,0,0,0,0.0,0,0,0,0
90,10,1,0,1,0,2,0,0,0,0.0,0,0,0,0
91,10,1,0,2,0,1,1,0,0,3.0,0,0,0,0
92,4,1,0,2,2,1,1,0,0,0.0,0,0,0,0
95,4,0,0,0,0,0,0,0,0,0.0,0,0,0,0
102,10,1,2,2,0,0,2,0,0,0.0,0,0,0,0
104,1,1,0,2,0,0,0,0,0,0.0,0,0,0,0
105,1,0,0,0,0,0,0,0,0,0.0,0,0,0,0
108,1,1,2,2,0,2,1,0,0,0.0,0,0,0,0
112,1,1,2,2,0,0,0,4,0,4.0,1,1,1,1
113,1,0,0,0,0,0,0,0,0,0.0,0,0,0,0
114,10,1,2,2,0,0,1,0,0,0.0,0,0,0,0
116,4,1,0,0,2,0,0,0,0,1.0,0,0,0,0
117,4,1,0,2,0,0,2,0,0,0.0,0,0,0,0
120,10,1,0,2,2,2,1,0,0,0.0,0,0,0,0
123,10,0,0,0,0,0,0,0,0,0.0,0,0,0,0
125,10,0,0,1,0,0,2,0,0,0.0,0,0,0,0
130,1,1,0,0,2,0,2,0,0,0.0,0,0,0,0
131,1,1,0,1,2,0,0,0,0,0.0,0,0,0,0
142,10,0,0,0,0,0,0,0,0,0.0,0,0,0,0
145,1,1,0,1,0,2,0,0,0,2.0,0,0,0,0
146,1,1,0,0,2,1,1,0,0,0.0,0,0,0,0
148,4,0,1,0,1,1,0,0,0,0.0,0,0,0,0
166,4,0,0,0,0,0,0,0,0,0.0,0,0,0,0
177,4,0,0,0,0,0,0,0,0,0.0,0,0,0,0
192,4,1,0,2,0,0,1,0,0,0.0,0,0,0,0
216,4,0,0,0,1,0,0,0,0,0.0,0,0,0,0
232,4,1,0,2,0,0,0,0,0,0.0,0,0,0,0
233,4,1,2,2,0,0,1,0,0,6.0,0,0,0,0
236,4,1,2,2,0,2,1,0,0,0.0,0,0,0,0
246,4,1,0,0,2,2,0,0,0,2.0,0,0,0,0
247,1,1,0,2,0,0,0,4,0,3.0,1,1,1,1
249,10,1,0,0,2,2,0,0,0,0.0,0,0,0,0
250,4,1,0,1,2,1,2,0,0,0.0,0,0,0,0
253,4,1,2,0,2,1,0,0,0,3.0,0,0,0,0
254,10,0,0,0,0,0,1,0,0,0.0,0,0,0,0
261,3,0,0,0,0,0,0,0,0,0.0,0,0,0,0
268,4,1,0,2,0,0,1,0,0,5.0,0,0,0,0
279,1,0,0,0,0,0,0,0,0,0.0,0,0,0,0
280,1,0,0,0,0,0,1,0,0,0.0,0,0,0,0
284,4,1,0,2,1,2,1,0,0,3.0,0,0,0,0
287,1,0,0,0,0,0,0,0,0,0.0,0,0,0,0
291,10,0,0,0,0,1,2,0,0,0.0,0,0,0,0
293,1,0,0,0,0,0,0,0,0,0.0,0,0,0,0
297,4,1,0,2,0,0,1,0,0,5.0,0,0,0,0
300,10,1,2,2,2,2,0,4,0,5.0,1,1,1,1
307,1,1,0,0,0,2,0,0,0,0.0,0,0,0,0
311,1,1,0,2,0,0,0,0,0,4.0,0,0,0,0
313,4,1,0,2,0,0,1,0,0,0.0,0,0,0,0
317,4,0,0,0,0,0,2,0,0,0.0,0,0,0,0
320,4,1,0,2,0,0,2,4,0,5.0,1,1,1,1
321,4,1,0,2,0,0,0,0,0,0.0,0,0,0,0
324,4,1,0,0,2,0,2,0,0,0.0,0,0,0,0
327,4,0,0,0,0,0,1,0,0,0.0,0,0,0,0
330,1,1,1,2,2,2,2,0,0,4.0,0,0,0,1
334,10,1,2,1,2,2,2,0,0,0.0,0,0,0,0
336,4,0,0,0,0,0,0,0,0,0.0,0,0,0,0
337,1,0,1,0,0,0,1,0,0,0.0,0,0,0,0
338,1,0,0,0,0,0,0,0,0,0.0,0,0,0,0
345,10,0,1,0,1,1,0,0,0,0.0,0,0,0,0
348,1,1,0,2,0,0,0,0,0,0.0,0,0,0,0
356,1,1,1,0,2,0,0,0,0,6.0,0,0,0,0
359,1,1,0,1,2,0,0,0,0,5.0,0,0,0,0
361,1,0,0,0,0,0,0,0,0,0.0,0,0,0,0
364,1,1,2,2,1,0,0,3,0,6.0,1,0,0,0
368,4,0,0,0,1,0,1,0,0,0.0,0,0,0,0
371,10,1,0,0,0,2,0,0,0,0.0,0,0,0,0
373,3,0,0,0,0,0,0,0,0,0.0,0,0,0,0
374,4,0,0,1,1,0,2,0,0,0.0,0,0,0,0
376,4,1,1,0,0,2,0,3,0,5.0,1,0,0,0
378,3,1,0,2,0,1,0,0,0,0.0,0,0,0,0
384,1,0,0,1,0,0,0,0,0,0.0,0,0,0,0
385,1,1,0,2,0,1,0,3,0,3.0,1,0,0,0
386,3,0,0,1,0,0,1,0,0,0.0,0,0,0,0
387,4,1,0,0,2,0,0,0,0,0.0,0,0,0,0
391,1,1,1,2,0,2,0,0,0,0.0,0,0,0,0
393,10,1,1,2,2,1,1,0,0,3.0,0,0,0,0
399,4,1,2,0,0,1,0,0,0,0.0,0,0,0,0
401,4,1,2,0,0,0,0,0,0,0.0,0,0,0,0
403,4,1,2,1,0,2,2,0,0,0.0,0,0,0,0
405,1,0,0,1,0,1,0,0,0,0.0,0,0,0,0
408,10,1,2,1,2,1,2,4,0,4.0,1,1,1,1
410,4,1,1,2,0,0,1,0,0,0.0,0,0,0,0
412,10,1,0,2,1,0,2,0,0,0.0,0,0,0,0
416,4,0,0,0,0,0,0,0,0,0.0,0,0,0,0
423,4,0,0,0,0,0,0,0,0,0.0,0,0,0,0
425,4,1,0,2,0,0,2,0,0,2.0,0,0,0,0
426,10,1,1,2,0,0,0,4,0,4.0,1,1,1,1
436,4,0,0,0,0,0,0,0,0,0.0,0,0,0,0
437,1,1,2,0,0,0,0,0,0,0.0,0,0,0,0
438,1,1,2,2,0,1,0,0,0,2.0,0,0,0,0
439,1,0,0,0,1,1,0,0,0,0.0,0,0,0,0
440,1,1,0,0,2,1,1,0,0,0.0,0,0,0,0
445,1,0,0,0,1,0,0,0,0,0.0,0,0,0,0
447,10,1,2,0,0,0,2,0,0,4.0,0,0,0,0
452,1,0,0,0,0,0,0,0,0,0.0,0,0,0,0
456,4,0,0,0,0,0,0,0,0,0.0,0,0,0,0
458,1,1,2,2,0,2,2,0,0,4.0,0,0,0,0
460,1,1,0,0,0,2,1,0,0,5.0,0,0,0,0
463,1,0,0,0,1,0,2,0,0,0.0,0,0,0,0
466,1,1,2,2,2,1,0,3,0,4.0,1,0,0,0
469,1,0,0,1,0,0,1,0,0,0.0,0,0,0,0
470,4,0,0,0,0,0,0,0,0,0.0,0,0,0,0
472,4,1,0,2,0,2,2,0,0,0.0,0,0,0,0
474,10,1,0,2,2,0,2,0,0,0.0,0,0,0,0
479,4,1,0,1,2,0,2,0,0,5.0,0,0,0,0
480,4,1,1,0,0,2,0,0,0,0.0,0,0,0,0
482,1,1,2,0,0,0,2,0,0,0.0,0,0,0,0
484,1,0,1,0,1,0,2,0,0,0.0,0,0,0,0
485,4,0,0,0,0,0,0,0,0,0.0,0,0,0,0
486,1,1,2,0,2,0,0,0,0,5.0,0,0,0,0
488,1,0,0,0,0,0,0,0,0,0.0,0,0,0,0
496,4,0,0,0,0,0,0,0,0,0.0,0,0,0,0
497,1,0,0,0,0,0,0,0,0,0.0,0,0,0,0
501,4,1,2,0,1,1,2,0,0,3.0,0,0,0,0
506,1,0,0,1,0,0,1,0,0,0.0,0,0,0,0
507,1,1,2,2,0,0,1,0,0,4.0,0,0,0,0
511,4,1,2,1,0,1,0,0,0,0.0,0,0,0,0
512,10,1,1,0,0,2,0,0,0,0.0,0,0,0,0
513,1,0,0,0,0,0,0,0,0,0.0,0,0,0,0
514,1,1,2,1,2,1,2,0,0,5.0,0,0,0,0
519,3,0,0,0,0,0,0,0,0,0.0,0,0,0,0
521,4,1,1,2,0,0,0,0,0,0.0,0,0,0,0
525,1,1,0,2,0,0,0,0,0,0.0,0,0,0,0
529,1,0,0,0,0,0,0,0,0,0.0,0,0,0,0
535,3,0,0,0,0,0,0,0,0,0.0,0,0,0,0
536,10,1,1,2,0,1,1,0,0,6.0,0,0,0,0
538,4,0,0,0,0,0,1,0,0,4.0,0,0,0,1
539,4,0,0,0,0,0,0,0,0,0.0,0,0,0,0
541,4,0,0,0,0,0,1,0,0,0.0,0,0,0,0
549,1,1,0,0,0,2,1,0,0,4.0,0,0,0,0
550,1,0,0,0,0,0,0,0,0,0.0,0,0,0,0
555,1,1,2,2,0,2,0,3,0,5.0,1,0,0,0
556,1,1,0,2,0,2,0,4,0,4.0,1,1,1,1
557,1,1,2,2,2,1,0,0,0,5.0,0,0,0,0
560,4,0,1,0,0,0,0,0,0,0.0,0,0,0,0
578,3,1,1,2,0,0,0,0,0,0.0,0,0,0,0
582,4,0,0,0,0,1,0,0,0,0.0,0,0,0,0
588,4,0,0,0,0,0,2,0,0,0.0,0,0,0,0
591,1,1,2,2,0,0,0,4,0,4.0,1,1,1,1
592,1,1,2,1,0,0,1,4,0,5.0,1,1,1,1
594,4,0,0,0,0,0,0,0,0,0.0,0,0,0,0
595,1,0,0,1,0,0,0,0,0,0.0,0,0,0,0
596,4,0,0,0,0,0,2,0,0,0.0,0,0,0,0
599,1,0,0,1,0,0,0,0,0,0.0,0,0,0,0
600,1,0,0,1,0,0,0,0,0,0.0,0,0,0,0
605,1,0,0,1,0,1,2,0,0,0.0,0,0,0,0
606,4,1,0,0,2,0,0,3,0,3.0,1,0,0,0
608,4,0,0,0,0,0,1,0,0,0.0,0,0,0,0
609,4,0,0,1,0,0,2,3,0,2.0,1,0,0,0
610,1,0,0,0,0,0,2,0,0,0.0,0,0,0,0
611,4,0,1,0,0,0,0,0,0,0.0,0,0,0,0
612,1,0,0,0,0,0,0,0,0,0.0,0,0,0,0
613,1,1,0,2,0,0,0,0,0,2.0,0,0,0,0
614,4,1,0,2,0,0,1,0,0,5.0,0,0,0,0
615,4,1,1,2,2,0,2,4,0,5.0,1,1,1,1
618,1,0,0,0,0,0,0,0,0,0.0,0,0,0,0
619,4,0,0,0,0,0,1,0,0,0.0,0,0,0,0
626,1,0,0,0,0,0,1,0,0,0.0,0,0,0,0
628,4,0,0,0,0,0,0,0,0,0.0,0,0,0,0
632,1,1,0,2,0,1,2,0,0,0.0,0,0,0,0
634,4,0,0,1,0,0,2,0,0,0.0,0,0,0,0
635,1,0,0,1,0,1,2,0,0,0.0,0,0,0,0
642,1,1,2,2,0,0,0,0,0,1.0,0,0,0,0
646,1,1,0,0,2,1,2,5,0,5.0,1,1,1,1
650,1,0,0,1,0,1,0,0,0,0.0,0,0,0,0
652,4,1,1,2,0,0,0,2,0,6.0,0,0,0,0
660,4,1,0,2,0,1,1,0,0,0.0,0,0,0,0
661,1,1,1,2,0,1,0,5,0,3.0,1,1,1,1
663,4,0,0,0,0,0,0,0,0,0.0,0,0,0,0
664,1,0,0,0,0,1,1,0,0,0.0,0,0,0,0
670,10,1,0,0,2,0,0,0,0,2.0,0,0,0,0
672,1,1,0,2,0,2,0,0,0,0.0,0,0,0,0
673,1,0,0,0,0,1,1,0,0,0.0,0,0,0,0
679,4,0,0,1,0,0,2,0,0,0.0,0,0,0,0
681,1,0,0,1,0,0,2,0,0,0.0,0,0,0,0
690,4,0,0,0,0,0,0,0,0,0.0,0,0,0,0
691,1,1,0,2,0,0,1,3,0,4.0,1,0,0,0
693,4,0,0,0,0,0,0,0,0,0.0,0,0,0,0
696,4,0,0,0,0,0,0,0,0,0.0,0,0,0,0
697,4,1,0,2,0,0,2,0,0,2.0,0,0,0,0
700,4,1,0,2,1,0,1,0,0,0.0,0,0,0,0
701,3,1,0,2,0,0,2,4,0,5.0,1,1,1,1
702,1,1,0,2,0,0,1,2,0,0.0,0,0,0,0
706,1,0,0,0,0,0,2,0,0,0.0,0,0,0,0
707,3,0,0,0,0,0,2,0,0,0.0,0,0,0,0
781,10,1,0,2,0,0,0,0,0,0.0,0,0,0,0
817,10,0,0,0,0,0,0,0,0,0.0,0,0,0,0
818,10,0,1,1,0,1,0,0,0,0.0,0,0,0,0
820,1,1,0,0,2,0,0,0,0,0.0,0,0,0,0
822,10,1,1,2,0,0,0,0,0,0.0,0,0,0,0
829,10,1,0,2,0,1,0,0,0,3.0,0,0,0,0
830,10,1,2,2,0,1,0,0,0,0.0,0,0,0,0
831,1,0,1,1,0,1,0,0,0,0.0,0,0,0,0
832,1,1,2,2,0,0,1,2,0,4.0,0,0,0,0
834,10,0,0,0,0,0,0,0,0,0.0,0,0,0,0
844,10,0,0,0,0,0,0,0,0,0.0,0,0,0,0
845,10,1,0,0,2,0,0,0,0,0.0,0,0,0,0
846,10,1,2,1,2,1,0,0,0,1.0,0,0,0,0
847,10,1,1,2,1,1,2,0,0,1.0,0,0,0,0
848,1,0,0,0,0,0,0,0,0,0.0,0,0,0,0
851,10,0,0,0,0,0,0,0,0,0.0,0,0,0,0
852,10,1,0,2,2,2,1,0,0,0.0,0,0,0,0
864,4,1,0,2,0,1,0,4,0,4.0,1,1,1,1
866,10,1,0,2,0,0,0,0,0,0.0,0,0,0,0
870,4,0,0,0,0,0,1,0,0,0.0,0,0,0,0
871,1,1,0,2,0,0,0,0,0,0.0,0,0,0,0
872,10,1,0,2,0,2,0,0,0,2.0,0,0,0,0
873,4,1,0,2,0,0,2,0,0,0.0,0,0,0,0
875,1,0,0,0,0,0,0,0,0,0.0,0,0,0,0
876,10,0,0,1,0,0,0,0,0,0.0,0,0,0,0
884,1,1,2,0,0,0,0,0,0,0.0,0,0,0,0
885,2,1,0,2,1,0,0,0,0,0.0,0,0,0,0
888,10,1,0,1,2,2,0,0,0,0.0,0,0,0,0
893,10,1,2,1,0,1,2,0,0,0.0,0,0,0,0
897,10,0,0,1,0,0,0,0,0,0.0,0,0,0,0
921,10,0,1,0,0,0,0,0,0,0.0,0,0,0,0
922,1,1,0,2,0,0,1,0,0,0.0,0,0,0,0
928,10,1,1,2,0,2,0,0,0,2.0,0,0,0,0
929,10,1,0,0,2,0,0,0,0,0.0,0,0,0,0
930,4,0,0,0,0,0,0,0,0,0.0,0,0,0,0
939,1,1,2,2,0,2,2,0,0,2.0,0,0,0,0
954,4,0,0,0,0,0,0,0,0,0.0,0,0,0,0
955,10,1,0,0,1,2,1,2,0,0.0,0,0,0,0
960,10,1,0,2,1,1,0,0,0,0.0,0,0,0,0
971,10,1,2,2,0,0,0,0,0,0.0,0,0,0,0
972,10,1,0,2,0,0,0,0,0,0.0,0,0,0,0
973,10,0,0,0,0,0,0,0,0,0.0,0,0,0,0
978,1,0,0,1,0,0,0,0,0,0.0,0,0,0,0
981,10,0,0,0,0,0,0,0,0,0.0,0,0,0,0
983,10,0,0,1,0,0,2,0,0,0.0,0,0,0,0
984,1,1,0,2,0,0,1,0,0,0.0,0,0,0,0
988,4,1,0,0,2,2,0,0,0,3.0,0,0,0,0
991,10,0,0,0,0,1,0,0,0,0.0,0,0,0,0
1003,10,1,2,2,0,0,0,0,0,0.0,0,0,0,0
1007,10,1,0,2,0,1,2,0,0,0.0,0,0,0,0
1010,1,1,2,0,1,0,0,0,0,0.0,0,0,0,0
1012,10,0,0,0,0,0,0,3,0,2.0,1,0,0,0
1013,1,0,0,1,0,0,1,0,0,0.0,0,0,0,0
1022,10,1,0,2,0,0,0,0,0,0.0,0,0,0,0
1024,1,1,0,2,2,0,0,0,0,0.0,0,0,0,0
1026,1,0,0,1,0,0,0,0,0,0.0,0,0,0,0
1031,4,1,2,0,0,0,0,4,0,6.0,1,1,1,1
1032,10,0,0,0,0,0,0,0,0,0.0,0,0,0,0
1034,1,0,0,0,0,0,0,0,0,0.0,0,0,0,0
1035,10,0,0,0,0,0,0,0,0,0.0,0,0,0,0
1036,10,0,0,0,0,0,0,0,0,0.0,0,0,0,0
1037,10,0,0,1,0,0,0,0,0,0.0,0,0,0,0
1043,1,0,0,0,0,0,0,0,0,0.0,0,0,0,0
1044,1,0,0,0,0,0,0,0,0,0.0,0,0,0,0
1045,1,0,0,1,0,0,0,0,0,0.0,0,0,0,0
1046,1,0,0,0,0,1,0,0,0,0.0,0,0,0,0
1052,10,1,0,2,0,0,2,0,0,0.0,0,0,0,0
1054,4,0,0,0,0,0,0,0,0,0.0,0,0,0,0
1057,10,0,0,0,1,0,2,0,0,0.0,0,0,0,0
1059,10,0,0,0,0,0,0,0,0,0.0,0,0,0,0
1068,1,0,0,0,0,0,0,0,0,0.0,0,0,0,0
1078,10,1,1,0,0,2,2,4,0,4.0,1,1,1,1
1083,1,0,0,0,0,0,0,0,0,0.0,0,0,0,0
1087,10,0,0,0,0,0,0,0,0,0.0,0,0,0,0
1095,4,1,0,2,0,1,1,0,0,0.0,0,0,0,0
1096,1,1,1,0,1,2,0,0,0,0.0,0,0,0,0
1100,1,0,0,0,1,0,1,0,0,0.0,0,0,0,0
1103,4,0,0,0,0,0,0,0,0,0.0,0,0,0,0
1105,10,0,0,0,0,0,0,0,0,0.0,0,0,0,0
1111,10,0,0,0,0,0,0,0,0,0.0,0,0,0,0
1116,10,0,1,0,0,0,1,0,0,0.0,0,0,0,0
1117,10,1,0,1,2,1,0,0,0,0.0,0,0,0,0
1119,10,1,0,0,2,2,2,0,0,0.0,0,0,0,0
1122,10,0,0,0,0,1,0,0,0,0.0,0,0,0,0
1127,1,0,0,0,0,0,0,0,0,0.0,0,0,0,0
1129,4,0,0,0,0,0,0,0,0,0.0,0,0,0,0
1130,10,0,0,0,0,0,0,0,0,0.0,0,0,0,0
1131,10,1,2,0,1,1,0,0,0,1.0,0,0,0,0
1135,1,1,2,1,2,0,0,0,0,0.0,0,0,0,0
1136,1,0,0,0,0,0,0,0,0,0.0,0,0,0,0
1138,4,1,1,0,2,0,0,0,0,0.0,0,0,0,0
1139,1,0,1,0,0,1,0,0,0,0.0,0,0,0,0
1143,4,0,0,0,0,0,0,0,0,0.0,0,0,0,0
1149,10,0,0,0,0,0,0,0,0,0.0,0,0,0,0
1150,10,0,1,0,0,1,0,0,0,0.0,0,0,0,0
1153,1,1,1,2,0,0,0,4,0,0.0,1,1,1,1
1160,4,1,2,1,0,0,0,0,0,0.0,0,0,0,0
1161,4,0,0,1,0,0,0,0,0,0.0,0,0,0,0
1164,10,1,0,2,2,1,1,0,0,0.0,0,0,0,0
1169,1,1,2,2,0,2,2,0,0,0.0,0,0,0,0
1175,10,1,2,0,0,0,1,0,0,0.0,0,0,0,0
1176,10,0,0,0,0,0,0,0,0,0.0,0,0,0,0
1179,10,0,0,0,1,0,0,0,0,0.0,0,0,0,0
1184,1,0,0,0,0,0,0,0,0,0.0,0,0,0,0
1185,10,1,1,1,2,1,0,0,0,0.0,0,0,0,0
1186,10,0,0,1,0,0,2,0,0,0.0,0,0,0,0
1190,10,0,0,0,0,1,0,0,0,0.0,0,0,0,0
1196,10,0,0,0,0,0,0,0,0,0.0,0,0,0,0
1208,10,0,0,0,0,0,1,0,0,0.0,0,0,0,0
1213,10,0,0,1,0,0,0,0,0,0.0,0,0,0,0
1215,10,0,0,1,0,0,0,0,0,0.0,0,0,0,0
1217,10,1,2,2,2,2,2,0,0,1.0,0,0,0,0
1219,10,1,2,2,2,1,0,0,0,0.0,0,0,0,0
1220,1,0,0,1,0,0,0,0,0,0.0,0,0,0,0
1227,10,1,2,0,0,2,0,2,0,0.0,0,0,0,0
1228,1,0,0,0,0,0,0,0,0,0.0,0,0,0,0
1230,10,1,2,2,0,0,0,0,0,1.0,0,0,0,0
1231,1,1,0,0,2,2,1,0,0,2.0,0,0,0,0
1232,10,0,0,0,0,0,0,0,0,0.0,0,0,0,0
1233,10,1,0,2,0,0,0,0,0,0.0,0,0,0,0
1237,10,0,1,0,0,0,0,0,0,0.0,0,0,0,0
1238,10,0,0,0,0,0,0,0,0,0.0,0,0,0,0
1240,10,1,2,0,0,0,0,0,0,1.0,0,0,0,0
1245,4,0,0,0,0,0,0,0,0,0.0,0,0,0,0
1247,10,1,0,2,1,0,0,0,0,2.0,0,0,0,0
1249,10,0,0,0,0,0,0,0,0,0.0,0,0,0,0
1251,10,0,0,0,0,0,0,0,0,0.0,0,0,0,0
1257,10,0,1,0,0,0,0,0,0,0.0,0,0,0,0
1260,1,0,0,1,0,0,0,0,0,0.0,0,0,0,0
1261,10,1,0,2,0,0,0,0,0,0.0,0,0,0,0
1262,10,0,0,0,0,0,0,0,0,0.0,0,0,0,0
1265,10,0,0,0,0,1,1,0,0,0.0,0,0,0,0
1268,1,1,0,1,0,2,1,0,0,2.0,0,0,0,0
1273,10,1,2,0,0,0,2,0,0,0.0,0,0,0,0
1275,1,0,0,0,0,0,1,0,0,0.0,0,0,0,0
1280,10,0,0,1,0,0,1,0,0,0.0,0,0,0,0
1281,1,1,2,2,1,0,2,4,0,5.0,1,1,1,1
1282,1,1,0,0,2,0,0,3,0,3.0,1,0,0,0
1283,10,1,0,0,0,2,2,0,0,0.0,0,0,0,0
1284,4,0,0,0,0,0,0,0,0,0.0,0,0,0,0
1286,10,0,0,0,0,0,0,0,0,0.0,0,0,0,0
1287,10,0,0,0,0,0,0,0,0,0.0,0,0,0,0
1288,1,0,0,0,1,0,0,0,0,0.0,0,0,0,0
1291,10,0,0,0,0,0,1,0,0,0.0,0,0,0,0
1292,10,1,0,2,0,0,0,0,0,0.0,0,0,0,0
1301,10,0,0,1,0,0,1,0,0,0.0,0,0,0,0
1306,10,0,0,0,0,0,1,0,0,0.0,0,0,0,0
1307,1,0,0,1,0,1,0,0,0,0.0,0,0,0,0
1316,10,1,1,2,0,2,1,0,0,0.0,0,0,0,0
1317,1,0,0,0,0,0,0,0,0,0.0,0,0,0,0
1321,1,1,2,2,0,0,1,0,0,0.0,0,0,0,0
1327,1,0,0,0,0,0,0,0,0,0.0,0,0,0,0
1330,10,0,0,0,0,0,0,0,0,0.0,0,0,0,0
1331,1,1,0,2,0,0,1,0,0,2.0,0,0,0,0
1335,4,0,0,1,0,0,1,0,0,0.0,0,0,0,0
1336,10,1,2,2,1,0,1,4,0,3.0,1,1,1,1
1339,1,1,0,2,0,0,1,0,0,3.0,0,0,0,0
1342,1,1,1,2,2,1,2,0,0,0.0,0,0,0,0
1345,10,0,0,1,0,0,1,0,0,0.0,0,0,0,0
1346,10,1,0,2,0,0,2,0,0,0.0,0,0,0,0
1348,1,1,1,0,2,1,2,0,0,0.0,0,0,0,0
1351,10,0,1,0,0,0,0,0,0,0.0,0,0,0,0
1352,1,1,0,0,0,2,0,0,0,1.0,0,0,0,0
1359,1,0,0,0,0,1,2,0,0,0.0,0,0,0,0
1364,10,1,1,2,1,2,0,0,0,2.0,0,0,0,0
1366,10,0,1,0,0,0,0,0,0,0.0,0,0,0,0
1368,10,0,0,0,0,0,0,0,0,0.0,0,0,0,0
1369,10,0,0,1,0,0,2,0,0,0.0,0,0,0,0
1375,10,0,0,0,0,0,0,0,0,0.0,0,0,0,0
1381,10,0,0,0,0,0,0,0,0,0.0,0,0,0,0
1383,1,0,1,0,0,0,0,0,0,0.0,0,0,0,0
1393,10,0,0,0,0,0,1,0,0,0.0,0,0,0,0
1394,10,0,0,0,0,0,0,0,0,0.0,0,0,0,0
1395,1,1,2,1,0,0,2,4,0,4.0,1,1,1,1
1396,1,1,2,0,0,0,1,0,0,0.0,0,0,0,0
1399,10,0,0,0,0,0,0,0,0,0.0,0,0,0,0
1403,1,0,0,0,0,0,0,0,0,0.0,0,0,0,0
1415,1,0,0,0,0,0,0,0,0,0.0,0,0,0,0
1417,10,0,0,0,0,0,0,0,0,0.0,0,0,0,0
1418,1,1,2,2,0,0,0,0,0,2.0,0,0,0,0
1420,1,0,0,0,0,0,0,0,0,0.0,0,0,0,0
1422,1,0,0,1,0,0,0,4,0,1.0,1,0,0,1
1423,1,0,0,1,0,0,0,0,0,0.0,0,0,0,0
1425,10,0,0,0,0,0,0,0,0,0.0,0,0,0,0
1430,10,0,0,1,1,0,0,0,0,0.0,0,0,0,0
1431,4,0,0,1,0,0,2,0,0,0.0,0,0,0,0
1434,10,0,0,0,0,0,0,0,0,0.0,0,0,0,0
1435,10,1,2,2,1,0,1,0,0,2.0,0,0,0,0
1441,10,0,0,0,0,1,0,0,0,0.0,0,0,0,0
1449,10,0,0,0,0,1,2,0,0,0.0,0,0,0,0
1454,10,0,0,0,0,0,0,0,0,0.0,0,0,0,0
1461,10,0,0,0,0,0,0,0,0,0.0,0,0,0,0
1462,10,0,0,0,0,0,0,0,0,0.0,0,0,0,0
1467,10,0,1,1,0,1,2,0,0,0.0,0,0,0,0
1474,10,0,0,0,0,0,0,0,0,0.0,0,0,0,0
1475,1,1,0,1,2,2,0,0,0,0.0,0,0,0,0
1476,1,0,0,0,0,0,0,0,0,0.0,0,0,0,0
1480,1,1,0,2,0,1,2,0,0,0.0,0,0,0,0
1483,10,0,0,0,0,0,0,0,0,0.0,0,0,0,0
1492,10,1,0,2,0,0,0,0,0,0.0,0,0,0,0
1495,1,1,2,0,0,0,2,0,0,0.0,0,0,0,0
1497,10,0,0,0,0,0,0,0,0,0.0,0,0,0,0
1504,10,1,0,0,1,2,0,0,0,2.0,0,0,0,0
1507,10,1,0,2,0,1,0,0,0,0.0,0,0,0,0
1508,10,1,2,0,0,2,0,0,0,2.0,0,0,0,0
1512,1,0,0,0,0,0,0,0,0,0.0,0,0,0,0
1529,4,0,0,0,0,0,0,0,0,0.0,0,0,0,0
1530,10,1,2,2,0,2,2,0,0,6.0,0,0,0,0
1550,10,0,0,1,0,1,0,0,0,0.0,0,0,0,0
1567,4,1,2,0,2,0,0,0,0,1.0,0,0,0,0
1576,10,1,0,2,0,0,0,0,0,0.0,0,0,0,0
1579,4,1,2,2,0,0,2,0,0,0.0,0,0,0,0
1580,10,1,2,2,1,2,0,0,0,4.0,0,0,0,0
1625,1,0,0,1,0,0,0,0,0,0.0,0,0,0,0
1634,1,0,0,1,0,0,0,0,0,0.0,0,0,0,0
1643,1,0,1,1,0,0,0,0,0,0.0,0,0,0,0
1714,10,0,0,0,0,0,0,0,0,0.0,0,0,0,0
1726,1,0,0,0,0,0,0,0,0,0.0,0,0,0,0
1733,4,0,0,0,0,0,0,0,0,0.0,0,0,0,0
1734,4,0,0,0,0,0,0,0,0,0.0,0,0,0,0
1743,4,0,0,0,0,1,1,0,0,0.0,0,0,0,0
1744,4,0,0,0,0,0,0,0,0,0.0,0,0,0,0
1745,4,0,0,0,0,0,0,0,0,0.0,0,0,0,0
1748,3,0,0,0,0,0,0,0,0,0.0,0,0,0,0
1751,4,0,0,1,0,0,0,0,0,0.0,0,0,0,0
1757,4,1,0,2,0,2,2,0,0,1.0,0,0,0,0
1764,1,1,0,0,2,0,0,0,0,0.0,0,0,0,0
1767,4,1,0,2,0,0,2,0,0,3.0,0,0,0,0
1806,4,0,0,0,0,1,1,0,0,0.0,0,0,0,0
1816,4,0,0,0,0,0,0,0,0,0.0,0,0,0,0
1891,1,0,1,0,0,0,0,0,0,0.0,0,0,0,0
1910,10,0,0,0,0,1,1,0,0,0.0,0,0,0,0
1926,1,0,0,0,0,0,1,0,0,0.0,0,0,0,0
1934,10,0,0,0,0,0,0,0,0,0.0,0,0,0,0
1951,1,1,2,2,0,0,0,0,0,0.0,0,0,0,0
1969,1,1,0,0,2,0,1,0,0,2.0,0,0,0,0
1973,10,0,1,1,0,0,0,0,0,0.0,0,0,0,0
1980,1,1,0,2,0,0,1,0,0,0.0,0,0,0,0
1990,1,1,2,0,0,0,1,0,0,0.0,0,0,0,0
2008,10,1,0,1,2,0,0,0,0,3.0,0,0,0,0
2009,10,1,0,0,0,2,0,0,0,0.0,0,0,0,0
2021,10,0,0,0,0,1,0,0,0,0.0,0,0,0,0
2028,1,0,0,0,0,0,0,0,0,0.0,0,0,0,0
2042,10,0,0,0,0,0,0,0,0,0.0,0,0,0,0
2050,10,0,0,0,1,1,0,0,0,0.0,0,0,0,0
2053,10,0,0,0,0,0,0,0,0,0.0,0,0,0,0
2067,4,0,0,0,0,0,0,0,0,0.0,0,0,0,0
2083,3,0,0,0,0,0,0,0,0,0.0,0,0,0,0
2088,10,1,0,0,0,2,0,0,0,2.0,0,0,0,0
2090,10,1,1,2,0,2,0,0,0,0.0,0,0,0,0
2097,3,0,0,0,0,0,0,0,0,0.0,0,0,0,0
2111,10,1,0,0,0,2,0,0,0,0.0,0,0,0,0
2145,10,0,0,0,0,0,0,0,0,0.0,0,0,0,0
2149,10,1,0,2,0,0,0,0,0,0.0,0,0,0,0
2154,10,1,2,1,2,2,2,0,0,0.0,0,0,0,0
2186,3,0,0,0,0,0,0,4,0,0.0,1,1,1,1
2188,10,1,2,1,0,0,1,0,0,2.0,0,0,0,0
2207,10,1,0,2,0,0,0,0,0,0.0,0,0,0,0
2221,10,1,0,2,1,2,2,0,0,2.0,0,0,0,0
2225,10,1,0,2,0,1,1,2,0,3.0,0,0,0,0
2227,10,0,0,1,0,0,0,0,0,0.0,0,0,0,0
2228,4,0,0,1,0,0,1,0,0,0.0,0,0,0,0
2251,10,1,0,0,2,2,1,0,0,3.0,0,0,0,0
2256,10,1,2,0,0,0,1,0,0,0.0,0,0,0,0
2279,10,0,0,0,0,1,1,0,0,0.0,0,0,0,0
2377,4,1,2,1,0,1,0,0,0,0.0,0,0,0,0
2386,1,0,0,0,0,0,0,0,0,0.0,0,0,0,0
2398,1,1,0,0,2,0,0,0,0,0.0,0,0,0,0
2402,1,0,0,0,0,0,0,0,0,0.0,0,0,0,0
2404,10,1,0,0,2,0,0,0,0,0.0,0,0,0,0
2411,10,0,0,0,0,0,0,0,0,0.0,0,0,0,0
2412,10,0,0,0,0,0,0,0,0,0.0,0,0,0,0
2414,4,1,2,0,0,0,1,0,0,0.0,0,0,0,0
2415,10,1,0,0,2,0,0,0,0,0.0,0,0,0,0
2425,1,0,0,0,0,0,0,0,0,0.0,0,0,0,0
2426,4,0,0,0,0,0,2,0,0,0.0,0,0,0,0
2429,4,1,2,0,0,0,2,0,0,0.0,0,0,0,0
2431,10,0,0,0,0,0,0,0,0,0.0,0,0,0,0
2439,1,0,0,0,0,0,0,0,0,0.0,0,0,0,0
2443,10,1,0,0,2,1,0,0,0,6.0,0,0,0,0
2452,1,1,2,0,0,0,0,0,0,0.0,0,0,0,0
2461,1,0,0,0,0,0,0,0,0,0.0,0,0,0,0
2467,4,1,1,0,0,2,2,0,0,0.0,0,0,0,0
2468,4,1,2,0,0,0,0,0,0,0.0,0,0,0,0
2478,4,0,0,0,0,0,0,0,0,0.0,0,0,0,0
2479,1,0,0,0,0,0,0,0,0,0.0,0,0,0,0
2480,10,0,0,0,0,1,0,0,0,0.0,0,0,0,0
2481,4,1,2,0,0,1,0,0,0,0.0,0,0,0,0
2482,10,0,0,0,0,0,0,0,0,0.0,0,0,0,0
2485,10,0,0,0,0,0,0,0,0,0.0,0,0,0,0
2486,10,1,2,0,0,0,0,0,0,0.0,0,0,0,0
2490,10,0,0,0,0,0,1,0,0,0.0,0,0,0,0
2496,10,1,2,0,2,1,1,0,0,0.0,0,0,0,0
2503,1,0,0,0,0,0,0,0,0,0.0,0,0,0,0
2507,10,1,0,2,0,2,1,0,0,5.0,0,0,0,0
2510,10,1,0,1,0,2,1,0,0,0.0,0,0,0,0
2522,4,1,1,2,2,0,0,0,0,0.0,0,0,0,0
2525,10,1,2,2,0,0,2,0,0,0.0,0,0,0,0
2527,10,0,0,0,0,0,0,0,0,0.0,0,0,0,0
2531,10,1,2,1,0,2,1,0,0,0.0,0,0,0,0
2532,4,0,0,0,0,0,0,0,0,0.0,0,0,0,0
2593,6,0,0,0,0,0,0,0,0,0.0,0,0,0,0
2594,6,0,0,0,0,0,0,0,0,0.0,0,0,0,0
2595,6,0,0,0,0,0,0,0,0,0.0,0,0,0,0
2596,6,0,0,0,0,0,0,0,0,0.0,0,0,0,0
2597,6,0,0,0,0,0,0,0,0,0.0,0,0,0,0
2598,6,0,0,0,0,0,0,0,0,0.0,0,0,0,0
2599,6,0,0,0,0,0,0,0,0,0.0,0,0,0,0
2600,6,0,0,0,0,0,0,0,0,0.0,0,0,0,0
2602,6,0,0,0,0,0,0,0,0,0.0,0,0,0,0
2603,6,0,0,0,0,0,0,0,0,0.0,0,0,0,0
2604,6,0,0,0,0,0,0,0,0,0.0,0,0,0,0
2605,6,0,0,0,0,0,0,0,0,0.0,0,0,0,0
2606,6,0,0,0,0,0,0,0,0,0.0,0,0,0,0
2607,6,0,0,0,0,0,0,0,0,0.0,0,0,0,0
2608,6,0,0,0,0,0,0,0,0,0.0,0,0,0,0
2609,6,0,0,0,0,0,0,0,0,0.0,0,0,0,0
2610,6,0,0,0,0,0,0,0,0,0.0,0,0,0,0
2611,6,0,0,0,0,0,0,0,0,0.0,0,0,0,0
2612,6,0,0,0,0,0,0,0,0,0.0,0,0,0,0
2613,6,0,0,0,0,0,0,0,0,0.0,0,0,0,0
2614,6,0,0,0,0,0,0,0,0,0.0,0,0,0,0
2615,6,0,0,0,0,0,0,0,0,0.0,0,0,0,0
2616,6,0,0,0,0,0,0,0,0,0.0,0,0,0,0
2617,6,0,0,0,0,0,0,0,0,0.0,0,0,0,0
2618,6,0,0,1,0,0,0,0,0,0.0,0,0,0,0
2619,6,0,0,0,0,0,0,0,0,0.0,0,0,0,0
2620,6,0,0,0,0,0,0,0,0,0.0,0,0,0,0
2621,6,0,0,0,0,0,0,0,0,0.0,0,0,0,0
2622,6,0,0,0,0,0,0,0,0,0.0,0,0,0,0
2623,6,0,0,0,0,0,0,0,0,0.0,0,0,0,0
2624,6,0,0,0,0,0,0,0,0,0.0,0,0,0,0
2625,6,0,0,0,0,0,0,0,0,0.0,0,0,0,0
2627,6,0,0,0,0,0,0,0,0,0.0,0,0,0,0
2628,6,0,0,0,0,0,0,0,0,0.0,0,0,0,0
2629,6,0,0,0,0,0,0,0,0,0.0,0,0,0,0
2630,6,0,0,0,0,0,0,0,0,0.0,0,0,0,0
2631,6,0,0,1,0,0,0,0,0,0.0,0,0,0,0
2632,6,0,0,1,0,0,1,0,0,0.0,0,0,0,0
2633,5,0,2,2,2,1,2,0,0,0.0,0,0,1,0
2634,5,0,2,2,0,1,1,0,0,0.0,0,0,1,0
2637,5,0,1,1,0,0,2,0,0,0.0,0,0,0,0
2643,7,0,0,0,0,0,0,0,0,0.0,0,0,0,0
2646,7,0,0,0,0,0,0,0,0,0.0,0,0,0,0
2647,8,0,0,2,1,0,1,0,0,0.0,0,0,1,0
2649,8,0,0,0,0,0,0,0,0,0.0,0,0,0,0
2652,7,0,1,0,0,0,1,0,0,0.0,0,0,0,0
2661,7,0,0,1,0,0,0,0,0,0.0,0,0,0,0
2662,7,0,0,0,0,0,0,0,0,0.0,0,0,0,0
2666,7,0,0,0,0,0,0,0,0,0.0,0,0,0,0
2670,6,0,0,1,2,0,1,0,0,0.0,0,0,1,0
2672,7,0,0,0,0,0,0,0,0,0.0,0,0,0,0
2677,6,0,0,0,0,0,0,0,0,0.0,0,0,0,0
2678,7,0,0,0,0,0,0,0,0,0.0,0,0,0,0
2679,7,0,0,0,0,0,0,0,0,0.0,0,0,0,0
2680,7,0,2,2,0,1,1,0,0,0.0,0,0,1,0
2681,7,0,0,0,0,0,0,0,0,0.0,0,0,0,0
2688,7,0,0,0,0,0,0,0,0,0.0,0,0,0,0
2689,7,0,0,0,0,0,0,0,0,0.0,0,0,0,0
2693,7,0,0,0,0,0,0,0,0,0.0,0,0,0,0
2707,6,0,0,0,0,0,0,0,0,0.0,0,0,0,0
2709,8,0,0,0,0,0,0,0,0,0.0,0,0,0,0
2716,7,0,0,0,2,0,0,0,0,0.0,0,0,1,0
2721,7,0,1,2,0,0,1,3,1,0.0,1,0,1,0
2723,6,0,0,0,0,0,2,0,0,0.0,0,0,0,0
2725,7,0,2,0,1,0,0,3,1,0.0,1,0,1,0
2739,8,0,0,0,0,2,0,0,0,0.0,0,0,1,0
2761,7,0,2,2,0,0,2,0,0,0.0,0,0,1,0
2762,6,0,2,1,2,0,1,0,0,0.0,0,0,1,0
2763,7,0,0,2,0,1,2,3,1,0.0,1,0,1,0
2771,7,0,0,0,0,0,0,0,0,0.0,0,0,0,0
2786,7,0,0,0,0,0,0,0,0,0.0,0,0,0,0
2789,7,0,0,1,0,2,0,4,1,0.0,1,1,1,0
2790,6,0,0,0,0,0,0,0,0,0.0,0,0,0,0
2795,7,0,0,2,0,2,2,3,1,0.0,1,0,1,0
2804,6,0,0,0,0,2,0,4,1,0.0,1,1,1,1
2809,7,0,0,2,0,1,0,4,1,0.0,1,1,1,0
2813,6,0,0,1,0,0,1,0,0,0.0,0,0,0,0
2814,6,0,0,0,0,0,0,0,0,0.0,0,0,0,0
2828,6,0,0,0,0,0,0,0,0,0.0,0,0,0,0
2832,7,0,1,2,2,0,2,0,0,0.0,0,0,1,0
2840,6,0,1,0,1,1,0,0,0,0.0,0,0,0,0
2862,8,0,0,1,0,1,0,0,0,0.0,0,0,0,0
2864,8,0,1,2,2,2,2,0,0,0.0,0,0,1,0
2867,7,0,0,0,0,0,0,0,0,0.0,0,0,0,0
2868,7,0,0,1,0,0,2,0,0,0.0,0,0,0,0
2870,8,0,0,2,0,0,1,0,0,0.0,0,0,1,0
2885,7,0,2,2,2,2,0,2,0,0.0,0,0,1,0
2900,7,0,0,0,0,0,0,0,0,0.0,0,0,0,0
2904,7,0,0,0,0,0,0,1,0,0.0,0,0,0,0
2917,7,0,1,0,0,2,1,2,0,0.0,0,0,1,0
2920,7,0,1,1,2,2,2,0,0,0.0,0,0,1,0
2929,8,0,0,1,0,0,1,0,0,0.0,0,0,0,0
2930,7,0,0,0,1,0,0,0,0,0.0,0,0,0,0
2944,6,0,2,0,0,0,0,0,0,0.0,0,0,1,0
2948,7,0,0,1,0,0,0,0,0,0.0,0,0,0,0
2957,6,0,0,2,0,0,0,0,0,0.0,0,0,1,0
2958,8,0,0,1,0,0,0,0,0,0.0,0,0,0,0
2959,8,0,0,0,0,1,0,0,0,0.0,0,0,0,0
2961,6,0,0,0,1,2,0,1,0,0.0,0,0,1,0
2969,7,0,1,2,0,0,1,0,0,0.0,0,0,1,0
2976,7,0,0,1,0,0,0,0,0,0.0,0,0,0,0
2982,6,0,0,0,0,0,0,0,0,0.0,0,0,0,0
2983,7,0,0,0,0,0,0,0,0,0.0,0,0,0,0
2984,8,0,0,2,2,0,2,5,1,0.0,1,1,1,1
2992,7,0,0,0,0,0,0,0,0,0.0,0,0,0,0
3016,7,0,0,1,0,2,1,0,0,0.0,0,0,1,0
3019,6,0,2,2,1,2,2,0,0,0.0,0,0,1,0
3022,7,0,0,0,0,0,0,0,0,0.0,0,0,0,0
3023,7,0,2,2,2,1,2,3,1,0.0,1,0,1,0
3028,7,0,0,0,2,2,0,0,0,0.0,0,0,1,0
3029,7,0,0,1,0,0,2,0,0,0.0,0,0,0,0
3039,7,0,0,1,2,1,0,0,0,0.0,0,0,1,0
3041,7,0,0,0,1,0,2,0,0,0.0,0,0,0,0
3042,7,0,0,2,0,0,0,3,1,0.0,1,0,1,0
3047,6,0,0,0,0,0,0,0,0,0.0,0,0,0,0
3057,7,0,0,0,0,0,1,0,0,0.0,0,0,0,0
3062,7,0,1,0,0,0,0,0,0,0.0,0,0,0,0
3063,7,0,1,1,0,0,1,0,0,0.0,0,0,0,0
3068,7,0,0,0,0,0,2,0,0,0.0,0,0,0,0
3070,6,0,0,0,2,0,0,4,1,0.0,1,1,1,0
3073,8,0,2,1,2,0,0,4,1,0.0,1,1,1,0
3077,7,0,0,0,2,0,0,2,0,0.0,0,0,1,0
3078,7,0,2,1,1,1,0,3,1,0.0,1,0,1,0
3081,7,0,0,0,0,0,0,0,0,0.0,0,0,0,0
3082,8,0,0,0,1,0,1,0,0,0.0,0,0,0,0
3084,8,0,1,0,0,1,0,0,0,0.0,0,0,0,0
3085,7,0,0,2,1,1,0,0,0,0.0,0,0,1,0
3086,6,0,0,2,0,1,0,0,0,0.0,0,0,1,0
3087,8,0,2,2,2,2,1,3,1,0.0,1,0,1,0
3097,6,0,0,1,0,0,0,0,0,0.0,0,0,0,0
3105,7,0,0,0,0,1,0,0,0,0.0,0,0,0,0
3107,8,0,1,2,0,0,0,0,0,0.0,0,0,1,0
3112,8,0,0,1,0,0,0,0,0,0.0,0,0,0,0
3114,7,0,1,0,0,0,0,0,0,0.0,0,0,0,0
3131,7,0,0,2,0,0,1,2,0,0.0,0,0,1,0
3136,7,0,2,1,0,2,0,0,0,0.0,0,0,1,0
3140,7,0,0,0,0,0,1,0,0,0.0,0,0,0,0
3143,6,0,0,2,0,0,1,3,1,0.0,1,0,1,0
3152,6,0,0,0,0,0,0,0,0,0.0,0,0,0,0
3154,8,0,0,2,0,0,0,3,1,0.0,1,0,1,0
3157,7,0,1,0,0,0,0,0,0,0.0,0,0,0,0
3159,7,0,0,0,0,0,0,0,0,0.0,0,0,0,0
3160,7,0,2,2,0,0,0,0,0,0.0,0,0,1,0
3162,7,0,0,0,0,2,0,0,0,0.0,0,0,1,0
3165,7,0,0,0,0,0,0,0,0,0.0,0,0,0,0
3180,8,0,0,1,0,0,0,0,0,0.0,0,0,0,0
3182,7,0,0,0,0,1,1,0,0,0.0,0,0,0,0
3191,7,0,0,2,0,0,2,0,0,0.0,0,0,1,0
3203,8,0,0,1,0,0,0,0,0,0.0,0,0,0,0
3213,7,0,0,0,0,0,0,0,0,0.0,0,0,0,0
3216,8,0,2,0,0,2,0,3,1,0.0,1,0,1,0
3233,7,0,2,2,0,0,0,1,0,0.0,0,0,1,0
3243,7,0,0,0,0,0,0,0,0,0.0,0,0,0,0
3249,6,0,0,2,0,0,0,0,0,0.0,0,0,1,0
3254,6,0,1,2,2,2,2,0,0,0.0,0,0,1,0
3258,7,0,0,2,0,0,2,0,0,0.0,0,0,1,0
3259,7,0,1,0,0,0,1,0,0,0.0,0,0,0,0
3264,7,0,0,0,0,1,0,0,0,0.0,0,0,0,0
3271,7,0,0,0,0,0,0,0,0,0.0,0,0,0,0
3276,7,0,1,1,2,1,0,0,0,0.0,0,0,1,0
3299,8,0,0,0,0,0,0,0,0,0.0,0,0,0,0
3304,6,0,0,0,0,0,0,0,0,0.0,0,0,0,0
3309,7,0,0,2,0,1,1,2,0,0.0,0,0,1,0
3315,7,0,2,0,0,0,0,4,1,0.0,1,1,1,0
3336,6,0,0,2,0,0,0,3,1,0.0,1,0,1,0
3340,6,0,0,0,0,0,0,0,0,0.0,0,0,0,0
3350,6,0,1,1,0,2,0,2,0,0.0,0,0,1,0
3354,6,0,1,0,0,0,0,0,0,0.0,0,0,0,0
3364,7,0,0,0,0,0,0,0,0,0.0,0,0,0,0
3378,6,0,0,0,0,0,0,0,0,0.0,0,0,0,0
3382,7,0,0,0,0,0,0,0,0,0.0,0,0,0,0
3388,7,0,0,0,0,1,2,0,0,0.0,0,0,0,0
3391,7,0,0,0,0,1,0,0,0,0.0,0,0,0,0
3396,7,0,0,0,0,1,2,0,0,0.0,0,0,0,0
3397,7,0,0,0,0,0,0,0,0,0.0,0,0,0,0
3419,7,0,1,1,0,1,2,0,0,0.0,0,0,0,0
3442,8,0,2,0,2,1,0,0,0,0.0,0,0,1,0
3445,6,0,1,0,1,2,0,2,0,0.0,0,0,1,0
3463,6,0,0,0,0,0,0,0,0,0.0,0,0,0,0
3468,7,0,1,0,1,1,2,0,0,0.0,0,0,0,0
3469,7,0,0,1,0,2,2,0,0,0.0,0,0,1,0
3471,6,0,0,0,0,0,0,0,0,0.0,0,0,0,0
3478,8,0,0,2,0,0,1,0,0,0.0,0,0,1,0
3485,7,0,0,1,0,0,0,0,0,0.0,0,0,0,0
3487,7,0,2,2,1,0,1,3,1,0.0,1,0,1,0
3488,7,0,2,1,0,1,2,0,0,0.0,0,0,1,0
3521,6,0,1,0,0,1,2,0,0,0.0,0,0,0,0
3561,6,0,0,0,0,0,0,0,0,0.0,0,0,0,0
3562,7,0,1,0,0,0,0,0,0,0.0,0,0,0,0
3576,7,0,0,0,0,0,0,0,0,0.0,0,0,0,0
3583,7,0,0,0,2,0,0,4,1,0.0,1,1,1,1
3593,8,0,0,2,0,0,0,0,0,0.0,0,0,1,0
3608,7,0,2,1,2,2,0,2,0,0.0,0,0,1,0
3609,8,0,0,0,0,0,1,0,0,0.0,0,0,0,0
3610,5,0,0,0,0,0,0,0,0,0.0,0,0,0,0
3613,6,0,2,2,1,1,0,0,0,0.0,0,0,1,0
3622,8,0,2,2,1,1,2,0,0,0.0,0,0,1,0
3639,7,0,0,0,0,0,0,0,0,0.0,0,0,0,0
3644,7,0,0,1,0,0,0,0,0,0.0,0,0,0,0
3649,6,0,0,0,0,0,0,0,0,0.0,0,0,0,0
3663,5,0,0,0,0,0,0,0,0,0.0,0,0,0,0
3669,8,0,0,0,1,1,1,0,0,0.0,0,0,0,0
3680,7,0,1,0,1,0,0,0,0,0.0,0,0,0,0
3686,8,0,0,0,0,1,0,0,0,0.0,0,0,0,0
3688,5,0,0,0,0,0,0,0,0,0.0,0,0,0,0
3689,5,0,0,0,1,2,1,0,0,0.0,0,0,1,0
3690,8,0,1,2,2,2,0,3,1,0.0,1,0,1,0
3693,6,0,0,0,0,1,2,0,0,0.0,0,0,0,0
3706,9,0,2,2,0,2,1,0,0,0.0,0,0,1,0
3708,5,0,0,0,0,0,0,0,0,0.0,0,0,0,0
3709,8,0,0,0,0,0,0,0,0,0.0,0,0,0,0
3714,7,0,0,2,0,0,1,0,0,0.0,0,0,1,0
3729,7,0,0,0,0,0,0,0,0,0.0,0,0,0,0
3733,7,0,2,1,2,0,0,0,0,0.0,0,0,1,0
3735,8,0,0,1,2,0,0,4,1,0.0,1,1,1,0
3739,7,0,0,2,0,2,0,0,0,0.0,0,0,1,0
3741,7,0,0,0,0,0,0,0,0,0.0,0,0,0,0
3744,6,0,0,2,0,0,2,0,0,0.0,0,0,1,0
3749,7,0,0,1,0,0,0,0,0,0.0,0,0,0,0
3753,7,0,0,1,0,0,2,0,0,0.0,0,0,0,0
3757,8,0,1,2,0,0,2,0,0,0.0,0,0,1,0
3763,8,0,0,0,0,0,0,0,0,0.0,0,0,0,0
3785,8,0,0,0,0,0,0,0,0,0.0,0,0,0,0
3864,8,0,0,0,0,0,0,0,0,0.0,0,0,0,0
3884,8,0,0,1,0,0,0,0,0,0.0,0,0,0,0
3906,8,0,0,0,0,0,0,0,0,0.0,0,0,0,0
3927,8,0,0,0,0,0,0,0,0,0.0,0,0,0,0
3951,8,0,0,2,0,2,0,0,0,0.0,0,0,1,0
3964,8,0,0,1,0,0,0,4,1,0.0,1,0,0,1
3966,8,0,0,0,0,0,0,0,0,0.0,0,0,0,0
3967,6,0,0,0,1,0,2,0,0,0.0,0,0,0,0
3969,8,0,0,2,0,0,0,3,1,0.0,1,0,1,0
3972,7,0,0,0,0,0,0,0,0,0.0,0,0,0,0
3976,8,0,1,0,2,0,0,4,1,0.0,1,1,1,1
3977,6,0,0,2,0,0,2,0,0,0.0,0,0,1,0
3978,8,0,0,1,2,0,2,0,0,0.0,0,0,1,0
3981,8,0,0,0,1,0,0,0,0,0.0,0,0,0,0
3983,6,0,0,0,0,0,0,0,0,0.0,0,0,0,0
3984,5,0,0,0,0,0,0,0,0,0.0,0,0,0,0
3985,8,0,0,2,2,1,2,4,1,0.0,1,1,1,1
3986,6,0,0,1,0,0,1,0,0,0.0,0,0,0,0
3987,7,0,2,2,2,1,0,0,0,0.0,0,0,1,0
3988,6,0,0,0,0,0,0,0,0,0.0,0,0,0,0
3989,8,0,0,0,0,0,0,0,0,0.0,0,0,0,0
3990,8,0,0,0,0,0,1,0,0,0.0,0,0,0,0
3991,8,0,0,2,1,2,2,0,0,0.0,0,0,1,0
3992,8,0,0,0,1,1,0,0,0,0.0,0,0,0,0
3999,6,0,0,1,0,0,0,0,0,0.0,0,0,0,0
4000,6,0,0,0,0,0,0,0,0,0.0,0,0,0,0
4001,6,0,0,0,0,0,0,0,0,0.0,0,0,0,0
4002,6,0,0,0,0,0,0,0,0,0.0,0,0,0,0
4003,6,0,0,0,0,0,0,0,0,0.0,0,0,0,0
4004,6,0,0,0,0,0,0,0,0,0.0,0,0,0,0
4005,6,0,0,0,0,0,0,0,0,0.0,0,0,0,0
4007,7,0,2,1,0,0,0,0,0,0.0,0,0,1,0
4019,7,0,2,0,1,0,1,3,1,0.0,1,0,1,1
4020,5,0,1,1,0,2,2,1,0,0.0,0,0,1,0
4021,7,0,2,1,0,0,0,3,1,0.0,1,0,1,1
4022,7,0,0,0,0,0,2,2,0,0.0,0,0,0,0
4023,7,0,0,2,0,0,2,0,0,0.0,0,0,1,0
4024,5,0,0,1,0,0,0,2,0,0.0,0,0,0,0
4025,7,0,0,0,1,0,1,4,1,0.0,1,0,0,1
4026,7,0,0,0,0,0,0,2,0,0.0,0,0,0,0
4027,7,0,2,2,0,1,0,0,0,0.0,0,0,1,0
4028,7,0,0,1,0,0,1,3,1,0.0,1,0,0,0
4029,5,0,0,2,0,0,0,3,1,0.0,1,0,1,1
4030,7,0,0,0,1,0,1,4,1,0.0,1,0,0,1
4031,7,0,1,2,0,0,0,1,0,0.0,0,0,1,0
4032,7,0,0,2,0,0,0,2,0,0.0,0,0,1,0
4033,7,0,0,2,0,1,1,1,0,0.0,0,0,1,0
4034,5,0,0,1,0,2,0,1,0,0.0,0,0,1,0
4035,7,0,0,0,0,0,2,3,1,0.0,1,0,0,1
4036,7,0,0,1,2,0,2,3,1,0.0,1,0,1,1
4037,5,0,0,1,2,0,0,2,0,0.0,0,0,1,0
4038,6,0,0,0,0,0,0,0,0,0.0,0,0,0,0
4039,5,0,0,2,0,0,1,4,1,0.0,1,1,1,1
4040,6,0,0,0,0,0,0,0,0,0.0,0,0,0,0
4042,5,0,0,2,0,1,0,0,0,0.0,0,0,1,0
4044,6,0,0,1,0,0,0,0,0,0.0,0,0,0,0
4048,9,0,1,0,2,2,0,4,1,0.0,1,1,1,1
4052,6,0,0,0,1,1,0,0,0,0.0,0,0,0,0
4053,5,0,0,2,0,0,1,4,1,0.0,1,1,1,1
4057,5,0,0,2,0,0,2,4,1,0.0,1,1,1,0
4060,9,0,0,0,0,0,0,0,0,0.0,0,0,0,0
4062,6,0,1,0,0,0,0,0,0,0.0,0,0,0,0
4065,9,0,0,2,0,1,2,2,0,0.0,0,0,1,0
4068,6,0,0,1,0,0,0,0,0,0.0,0,0,0,0
4069,5,0,0,0,0,1,0,0,0,0.0,0,0,0,0
4070,5,0,0,2,1,1,2,0,0,0.0,0,0,1,0
4075,5,0,2,0,0,0,0,0,0,0.0,0,0,1,0
4076,5,0,2,2,0,0,0,3,1,0.0,1,0,1,0
4078,9,0,1,2,0,0,0,4,1,0.0,1,1,1,1
4079,5,0,1,1,0,0,0,0,0,0.0,0,0,0,0
4087,9,0,0,0,0,0,0,0,0,0.0,0,0,0,0
4089,5,0,0,0,2,2,0,0,0,0.0,0,0,1,0
4109,5,0,0,0,0,0,0,0,0,0.0,0,0,0,0
4119,6,0,0,0,0,0,0,0,0,0.0,0,0,0,0
4126,5,0,1,0,0,1,2,0,0,0.0,0,0,0,0
4127,9,0,2,0,0,2,1,3,1,0.0,1,0,1,0
4128,7,0,0,1,0,0,0,0,0,0.0,0,0,0,0
4129,5,0,0,0,0,0,0,0,0,0.0,0,0,0,0
4131,6,0,0,0,0,2,0,0,0,0.0,0,0,1,0
4132,5,0,0,0,1,0,0,0,0,0.0,0,0,0,0
4134,6,0,2,0,0,0,0,4,1,0.0,1,1,1,0
4135,7,0,0,0,0,0,0,0,0,0.0,0,0,0,0
4137,6,0,0,1,0,0,1,0,0,0.0,0,0,0,0
4144,5,0,0,0,0,0,0,0,0,0.0,0,0,0,0
4145,6,0,1,2,2,0,0,4,1,0.0,1,1,1,1
4146,5,0,0,0,0,0,0,0,0,0.0,0,0,0,0
4148,7,0,2,1,0,0,0,0,0,0.0,0,0,1,0
4169,6,0,0,0,0,0,0,0,0,0.0,0,0,0,0
4176,7,0,0,0,0,0,0,0,0,0.0,0,0,0,0
4177,6,0,0,0,0,0,0,0,0,0.0,0,0,0,0
4178,7,0,0,0,0,0,0,0,0,0.0,0,0,0,0
4179,5,0,0,0,0,0,0,0,0,0.0,0,0,0,0
4183,6,0,0,2,0,1,1,5,1,0.0,1,1,1,1
4184,7,0,0,0,0,0,0,0,0,0.0,0,0,0,0
4186,6,0,0,0,0,0,0,0,0,0.0,0,0,0,0
4187,8,0,0,0,0,0,0,0,0,0.0,0,0,0,0
4188,8,0,0,0,0,0,0,0,0,0.0,0,0,0,0
4189,7,0,0,0,0,0,0,0,0,0.0,0,0,0,0
4196,6,0,0,0,0,0,0,0,0,0.0,0,0,0,0
4198,7,0,1,1,0,2,0,0,0,0.0,0,0,1,0
4201,7,0,2,2,0,0,1,3,1,0.0,1,0,1,0
4202,7,0,0,0,0,0,0,0,0,0.0,0,0,0,0
4205,6,0,0,2,0,0,0,0,0,0.0,0,0,1,0
4206,7,0,0,0,0,0,0,0,0,0.0,0,0,0,0
4210,7,0,0,0,0,0,0,0,0,0.0,0,0,0,0
4211,5,0,0,0,0,0,0,0,0,0.0,0,0,0,0
4213,6,0,0,1,0,0,0,0,0,0.0,0,0,0,0
4214,7,0,0,0,1,0,0,0,0,0.0,0,0,0,0
4218,7,0,0,0,0,0,0,0,0,0.0,0,0,0,0
4221,5,0,0,1,2,1,0,4,1,0.0,1,1,1,1
4225,6,0,0,1,0,1,2,0,0,0.0,0,0,0,0
4230,5,0,0,0,0,0,1,0,0,0.0,0,0,0,0
4232,5,0,0,1,0,2,2,0,0,0.0,0,0,1,0
4233,6,0,0,2,0,0,2,4,1,0.0,1,1,1,0
4234,6,0,0,0,0,0,0,0,0,0.0,0,0,0,0
4236,7,0,0,0,0,0,0,0,0,0.0,0,0,0,0
4238,6,0,0,0,0,0,0,0,0,0.0,0,0,0,0
4239,7,0,0,0,0,0,0,0,0,0.0,0,0,0,0
4240,7,0,0,0,0,0,0,0,0,0.0,0,0,0,0
4241,8,0,2,2,0,0,2,4,1,0.0,1,1,1,1
4245,8,0,0,1,0,1,0,0,0,0.0,0,0,0,0
4247,6,0,1,1,0,0,0,0,0,0.0,0,0,0,0
4249,6,0,1,2,0,1,0,3,1,0.0,1,0,1,0
4253,5,0,0,0,0,0,0,0,0,0.0,0,0,0,0
4256,9,0,0,0,0,0,0,0,0,0.0,0,0,0,0
4258,5,0,0,0,0,0,0,0,0,0.0,0,0,0,0
4259,5,0,0,0,0,0,0,0,0,0.0,0,0,0,0
4260,8,0,1,2,0,0,2,4,1,0.0,1,1,1,0
4261,8,0,0,0,0,0,0,0,0,0.0,0,0,0,0
4262,8,0,0,1,0,0,1,0,0,0.0,0,0,0,0
4267,6,0,0,0,0,1,0,0,0,0.0,0,0,0,0
4270,6,0,0,0,0,2,0,5,1,0.0,1,1,1,1
4272,7,0,2,2,2,2,0,4,1,0.0,1,1,1,1
4273,5,0,0,0,0,0,0,0,0,0.0,0,0,0,0
4274,8,0,0,0,0,0,0,0,0,0.0,0,0,0,0
4276,7,0,1,0,0,2,0,4,1,0.0,1,1,1,1
4277,6,0,1,2,0,0,2,2,0,0.0,0,0,1,0
4279,6,0,0,0,0,0,0,0,0,0.0,0,0,0,0
4281,8,0,0,0,0,0,1,0,0,0.0,0,0,0,0
4282,6,0,0,0,0,0,0,0,0,0.0,0,0,0,0
4283,6,0,2,0,0,0,0,4,1,0.0,1,1,1,1
4290,8,0,0,0,0,0,0,0,0,0.0,0,0,0,0
4291,7,0,2,1,2,2,0,3,1,0.0,1,0,1,0
4294,7,0,0,0,0,0,0,0,0,0.0,0,0,0,0
4295,7,0,2,2,2,1,1,3,1,0.0,1,0,1,0
4296,8,0,0,1,1,0,0,0,0,0.0,0,0,0,0
4298,7,0,2,0,0,0,0,4,1,0.0,1,1,1,1
4304,7,0,0,2,0,1,0,0,0,0.0,0,0,1,0
4305,5,0,0,2,0,0,2,0,0,0.0,0,0,1,0
4306,6,0,0,0,0,0,0,0,0,0.0,0,0,0,0
4309,5,0,1,0,0,0,0,0,0,0.0,0,0,0,0
4312,7,0,0,0,0,0,0,0,0,0.0,0,0,0,0
4314,8,0,0,0,0,0,0,0,0,0.0,0,0,0,0
4315,6,0,2,2,0,2,0,5,1,0.0,1,1,1,1
4316,7,0,2,1,2,2,0,3,1,0.0,1,0,1,0
4318,6,0,0,1,0,1,0,0,0,0.0,0,0,0,0
4319,8,0,0,2,0,0,1,3,1,0.0,1,0,1,0
4321,5,0,0,0,0,0,0,0,0,0.0,0,0,0,0
4322,6,0,1,1,0,0,0,0,0,0.0,0,0,0,0
4324,7,0,0,2,0,0,0,3,1,0.0,1,0,1,0
4325,7,0,0,0,0,0,0,0,0,0.0,0,0,0,0
4327,8,0,1,0,1,0,0,0,0,0.0,0,0,0,0
4330,7,0,0,0,0,0,0,0,0,0.0,0,0,0,0
4331,6,0,0,0,0,0,0,0,0,0.0,0,0,0,0
4334,7,0,0,0,0,0,0,0,0,0.0,0,0,0,0
4339,8,0,0,0,0,0,0,0,0,0.0,0,0,0,0
4340,5,0,0,0,0,0,1,0,0,0.0,0,0,0,0
4341,7,0,0,0,0,0,0,0,0,0.0,0,0,0,0
4346,6,0,0,2,2,0,0,4,1,0.0,1,1,1,1
4349,8,0,0,0,0,0,0,0,0,0.0,0,0,0,0
4352,8,0,0,2,0,0,1,3,1,0.0,1,0,1,0
4354,8,0,0,1,0,0,2,0,0,0.0,0,0,0,0
4355,8,0,0,0,0,0,0,0,0,0.0,0,0,0,0
4359,8,0,2,2,2,2,1,0,0,0.0,0,0,1,0
4363,8,0,1,1,2,0,0,4,1,0.0,1,1,1,1
4367,8,0,0,0,0,0,0,0,0,0.0,0,0,0,0
4369,6,0,0,0,0,0,0,0,0,0.0,0,0,0,0
4370,7,0,0,0,0,1,0,0,0,0.0,0,0,0,0
4372,8,0,0,0,0,0,0,0,0,0.0,0,0,0,0
4373,5,0,0,1,0,0,2,0,0,0.0,0,0,0,0
4374,5,0,0,0,0,1,1,0,0,0.0,0,0,0,0
4376,8,0,0,0,0,0,0,0,0,0.0,0,0,0,0
4379,9,0,0,0,0,0,0,0,0,0.0,0,0,0,0
4380,5,0,0,0,0,0,0,0,0,0.0,0,0,0,0
4381,6,0,0,1,2,0,1,0,0,0.0,0,0,1,0
4382,7,0,0,0,0,0,0,0,0,0.0,0,0,0,0
4387,9,0,0,0,0,0,0,0,0,0.0,0,0,0,0
4388,6,0,0,0,2,0,0,2,0,0.0,0,0,1,0
4391,5,0,0,1,0,0,1,0,0,0.0,0,0,0,0
4392,7,0,0,0,0,0,0,0,0,0.0,0,0,0,0
4394,8,0,0,0,0,1,0,0,0,0.0,0,0,0,0
4398,8,0,0,1,0,0,2,0,0,0.0,0,0,0,0
4400,5,0,0,0,0,0,0,0,0,0.0,0,0,0,0
4401,8,0,0,0,0,0,0,0,0,0.0,0,0,0,0
4402,8,0,1,2,0,2,0,3,1,0.0,1,0,1,0
4406,7,0,0,0,0,0,0,0,0,0.0,0,0,0,0
4410,5,0,0,0,0,1,0,0,0,0.0,0,0,0,0
4411,8,0,0,0,0,1,0,0,0,0.0,0,0,0,0
4412,8,0,2,0,0,1,0,2,0,0.0,0,0,1,0
4414,7,0,0,0,0,0,0,0,0,0.0,0,0,0,0
4415,7,0,0,0,0,0,0,0,0,0.0,0,0,0,0
4421,7,0,0,0,0,0,0,0,0,0.0,0,0,0,0
4423,6,0,2,1,1,0,1,0,0,0.0,0,0,1,0
4426,7,0,0,0,0,0,0,0,0,0.0,0,0,0,0
4428,7,0,0,0,0,0,0,0,0,0.0,0,0,0,0
4430,6,0,1,0,0,0,0,0,0,0.0,0,0,0,0
4431,6,0,0,0,0,0,0,0,0,0.0,0,0,0,0
4432,7,0,0,2,0,0,0,4,1,0.0,1,1,1,1
4433,8,0,0,0,0,0,0,0,0,0.0,0,0,0,0
4436,6,0,0,1,2,2,1,4,1,0.0,1,1,1,1
4440,7,0,0,0,0,0,0,0,0,0.0,0,0,0,0
4442,7,0,0,0,0,0,0,0,0,0.0,0,0,0,0
4448,8,0,0,2,0,0,0,4,1,0.0,1,1,1,1
4449,6,0,0,1,0,1,1,0,0,0.0,0,0,0,0
4450,8,0,0,1,0,0,0,0,0,0.0,0,0,0,0
4451,5,0,2,1,0,0,0,3,1,0.0,1,0,1,0
4452,8,0,0,0,0,0,2,0,0,0.0,0,0,0,0
4454,8,0,1,2,0,1,2,2,0,0.0,0,0,1,0
4455,5,0,0,0,0,0,0,0,0,0.0,0,0,0,0
4456,7,0,0,0,0,0,0,0,0,0.0,0,0,0,0
4457,7,0,0,1,2,2,1,3,1,0.0,1,0,1,0
4458,6,0,2,0,2,2,0,0,0,0.0,0,0,1,0
4459,7,0,2,1,2,2,0,4,1,0.0,1,1,1,0
4460,6,0,0,1,0,0,0,0,0,0.0,0,0,0,0
4461,5,0,0,0,0,0,0,0,0,0.0,0,0,0,0
4463,7,0,0,0,0,0,0,0,0,0.0,0,0,0,0
4464,6,0,0,2,0,0,0,3,1,0.0,1,0,1,1
4465,6,0,0,0,0,0,1,0,0,0.0,0,0,0,0
4466,8,0,0,1,0,0,1,0,0,0.0,0,0,0,0
4467,8,0,2,0,0,0,0,0,0,0.0,0,0,1,0
4468,6,0,1,0,0,0,1,0,0,0.0,0,0,0,0
4469,8,0,0,2,0,0,1,4,1,0.0,1,1,1,1
4472,7,0,0,0,0,0,0,0,0,0.0,0,0,0,0
4473,7,0,0,2,0,0,0,0,0,0.0,0,0,1,0
4477,7,0,0,0,0,0,1,0,0,0.0,0,0,0,0
4479,7,0,2,2,1,1,0,3,1,0.0,1,0,1,0
4480,7,0,1,0,0,0,0,0,0,0.0,0,0,0,0
4481,7,0,2,0,0,0,0,5,1,0.0,1,1,1,1
4483,7,0,0,0,0,0,1,0,0,0.0,0,0,0,0
4487,8,0,0,0,1,1,0,0,0,0.0,0,0,0,0
4488,7,0,2,0,0,1,0,0,0,0.0,0,0,1,0
4489,7,0,0,0,0,0,0,0,0,0.0,0,0,0,0
4490,8,0,2,1,0,0,0,2,0,0.0,0,0,1,0
4491,6,0,0,0,0,1,2,0,0,0.0,0,0,0,0
4494,7,0,0,0,0,0,2,0,0,0.0,0,0,0,0
4495,6,0,0,1,0,0,0,0,0,0.0,0,0,0,0
4496,6,0,2,0,0,1,0,1,0,0.0,0,0,1,0
4497,6,0,2,2,0,0,2,0,0,0.0,0,0,1,0
4498,6,0,1,0,2,0,1,3,1,0.0,1,0,1,0
4499,6,0,0,0,0,0,0,0,0,0.0,0,0,0,0
4500,6,0,0,0,0,0,0,0,0,0.0,0,0,0,0
4501,6,0,2,0,0,0,0,4,1,0.0,1,1,1,1
4502,6,0,2,1,1,1,0,4,1,0.0,1,1,1,0
4503,6,0,0,0,0,2,1,0,0,0.0,0,0,1,0
4505,6,0,0,0,2,1,0,0,0,0.0,0,0,1,0
4506,6,0,0,1,0,0,0,0,0,0.0,0,0,0,0
4511,5,0,2,2,0,0,0,5,1,0.0,1,1,1,1
4512,6,0,0,0,0,1,2,0,0,0.0,0,0,0,0
4513,5,0,0,1,2,0,0,2,0,0.0,0,0,1,0
4518,6,0,0,0,0,0,0,0,0,0.0,0,0,0,0
4519,5,0,2,2,0,0,2,2,0,0.0,0,0,1,0
4520,5,0,2,1,0,0,0,2,0,0.0,0,0,1,0
4522,5,0,0,0,0,0,1,4,1,0.0,1,0,0,1
4525,5,0,0,0,0,0,0,0,0,0.0,0,0,0,0
4530,6,0,0,0,0,0,0,0,0,0.0,0,0,0,0
4534,5,0,0,2,0,1,1,2,0,0.0,0,0,1,0
4538,6,0,0,1,0,1,1,0,0,0.0,0,0,0,0
4540,5,0,0,0,0,0,0,0,0,0.0,0,0,0,0
4542,5,0,0,0,0,0,0,0,0,0.0,0,0,0,0
4546,5,0,2,0,0,0,0,4,1,0.0,1,1,1,1
4547,6,0,0,0,0,0,0,0,0,0.0,0,0,0,0
4549,6,0,0,2,0,0,0,4,1,0.0,1,1,1,1
4551,6,0,0,0,0,0,0,0,0,0.0,0,0,0,0
4552,6,0,0,0,1,0,1,0,0,0.0,0,0,0,0
4555,5,0,0,0,1,0,0,0,0,0.0,0,0,0,0
4556,5,0,1,0,0,1,1,0,0,0.0,0,0,0,0
4559,7,0,2,1,0,0,0,0,0,0.0,0,0,1,0
4612,8,0,2,1,0,0,0,0,0,0.0,0,0,1,0
4613,8,0,0,0,0,1,2,0,0,0.0,0,0,0,0
4623,8,0,1,2,2,1,0,3,1,0.0,1,0,1,0
4630,8,0,1,2,1,0,2,1,0,0.0,0,0,1,0
4632,8,0,0,0,0,0,0,0,0,0.0,0,0,0,0
4635,8,0,0,0,0,0,0,0,0,0.0,0,0,0,0
4637,6,0,2,1,0,2,1,2,0,0.0,0,0,1,0
4638,6,0,0,1,0,0,2,0,0,0.0,0,0,0,0
4641,8,0,0,0,0,2,2,0,0,0.0,0,0,1,0
4643,8,0,0,0,0,0,0,0,0,0.0,0,0,0,0
4654,8,0,0,1,0,0,2,0,0,0.0,0,0,0,0
4664,7,0,1,0,0,2,0,3,1,0.0,1,0,1,0
4665,7,0,1,0,0,0,0,0,0,0.0,0,0,0,0
4671,8,0,0,1,1,2,2,3,1,0.0,1,0,1,0
4673,8,0,0,1,2,1,0,3,1,0.0,1,0,1,0
4674,7,0,2,2,0,0,0,4,1,0.0,1,1,1,1
4688,5,0,0,0,0,0,0,0,0,0.0,0,0,0,0
4689,5,0,0,0,0,0,1,0,0,0.0,0,0,0,0
4698,9,0,2,0,0,0,0,0,0,0.0,0,0,1,0
4704,6,0,0,0,0,0,0,0,0,0.0,0,0,0,0
4705,7,0,0,0,0,1,1,0,0,0.0,0,0,0,0
4709,8,0,1,0,0,2,0,0,0,0.0,0,0,1,0
4710,7,0,2,0,0,1,0,0,0,0.0,0,0,1,0
4715,7,0,0,0,0,0,0,0,0,0.0,0,0,0,0
4716,5,0,0,2,0,0,0,0,0,0.0,0,0,1,0
4717,7,0,0,1,2,0,0,0,0,0.0,0,0,1,0
4718,7,0,2,0,0,0,0,0,0,0.0,0,0,1,0
4720,8,0,0,0,0,0,0,0,0,0.0,0,0,0,0
4725,7,0,0,0,0,0,1,0,0,0.0,0,0,0,0
4726,8,0,0,1,0,0,0,0,0,0.0,0,0,0,0
4748,9,0,0,1,0,0,0,0,0,0.0,0,0,0,0
4752,9,0,0,0,0,0,0,0,0,0.0,0,0,0,0
4759,7,0,2,2,0,0,0,0,0,0.0,0,0,1,0
4775,7,0,2,1,0,1,2,4,1,0.0,1,1,1,1
4776,6,0,0,1,1,2,0,4,1,0.0,1,1,1,1
4780,6,0,0,0,0,1,0,0,0,0.0,0,0,0,0
4783,9,0,1,0,0,2,2,4,1,0.0,1,1,1,1
4785,7,0,0,1,0,0,0,0,0,0.0,0,0,0,0
4789,8,0,2,2,0,0,2,2,0,0.0,0,0,1,0
4790,7,0,0,0,0,0,0,0,0,0.0,0,0,0,0
4799,8,0,0,0,0,0,0,0,0,0.0,0,0,0,0
